nama pengguna,produk,review,rating,waktu transaksi
zulkar809,FAST CHARGING SET ORIGINAL,,5,2022-06-17 02:50
farkhan_kholiq,iPhone XR 64GB Second ORIGINAL,,5,2022-06-16 14:02
rp1196662,iPhone XR 64GB Second ORIGINAL,"Fitur Terbaik:mantab

ga nyesel beli di sini, admin ramah, produk original",5,2022-06-16 13:26
kevinandaaa,iPhone  5s  SECOND ORIGINAL,,5,2022-06-16 04:08
aldisyre,FAST CHARGING SET ORIGINAL,,5,2022-06-16 02:56
nesinuri25,FAST CHARGING SET ORIGINAL,"Untuk saat ini di pakai bisa dan lumayan cepet ngisinya, saya kasih 4 bintang dulu...nanti aku ganti klo sudah 1 mngg tidak ada kendala menjadi 5 bintang.",4,2022-06-15 22:42
tikootbs15,iPhone XS 64GB SECOND ORIGINAL,,5,2022-06-15 12:45
s*****u,iPhone 11 64GB SECOND ORIGINAL,"Fitur Terbaik:baterai 100%
Sepadan dengan Harga:masih bagus banget

Ada bagian iphone yang lecet-lecet tapi keseluruhan bagus. Admin responsif juga. Bisa tanya admin kalau ada warna yang sold bisa di-update. Bisa tanya dan request BH juga (meski kudu nambah biaya sih). Pakaging kayu aman banget, nambah biaya untuk itu jadi aman.",5,2022-06-15 08:21
eyra_22,FAST CHARGING SET ORIGINAL,"Fitur Terbaik:fungsi normal fast charging

gak tau beneran ori atau gak tpi bagus buat cas cepat",4,2022-06-14 23:54
eyra_22,iPhone 11 64GB SECOND ORIGINAL,"Fitur Terbaik:silent kamera on, face id normal, imei sama, layar baik belom check di 3utools

barang sesuai harga, pemakaian belom 1 bulan bh udah turun padahal pakai carger dari toko yg sama, dapet bh 91%, kirain bisa req beneran ternyata gak",4,2022-06-14 23:54
asep.hermawan03,iPhone XS 64GB SECOND ORIGINAL,keren bagus barangnya terimakasih next order lagi,5,2022-06-14 08:27
b*****s,iPhone  5s  SECOND ORIGINAL,"iphone 11 64gb purple, dpt bh 96%.
Sebulan di tangan udah turun 87% ü•≤
Dapet yg dr japan, jd gbs silent camera. üòÖ",4,2022-06-13 17:51
sarah_silviar,iPhone 11 128GB  SECOND ORIGINAL,"Alhamdulillah sesuai aman sesuai mulus, cuma lecet dikit tapi gapapa namanya juga second original hehe, respon penjualnya juga juga sangat baik üëçüèª",5,2022-06-13 14:46
i*****i,iPhone XR 64GB Second ORIGINAL,"Maafff baru review. Kurang lebih seminggu pemakaian gak ada kendala. Pengemasan dan pengiriman cepatt dan aman, unit mulus banget kek masih baruuu. Respon penjual juga cepat dan sabar hehe. Recomended buat yang mau beli iphone sec kualitas bagus dan pelayananüëçüòç  thanks seller",5,2022-06-13 13:39
kang_agoezt,iPhone 11 64GB SECOND ORIGINAL,,5,2022-06-13 05:11
sulistiadw,iPhone XS 256 GB SECOND ORIGINAL,"Ip XS 256gb. Pilih barang di store, tp barangnya dikirim ke luar kota via sopi, beli tgl 10 siang lgsg ikut pengiriman hr itu, tgl 11 sampe tujuan. Packing kayu asuransi JNE jd aman. BH 94%, 3d tools masih normal semua belum ada yg diganti. Ini pembelian kedua di ifonespot alhamdulillah selalu puas",5,2022-06-11 15:09
irwantodwi10,SPLIT PAYMENT (4),,5,2022-06-11 02:18
linzzzy23,Headset iPhone lightning untuk iPhone 7/8/X/XS/XR/11/12,,5,2022-06-10 20:48
fadiralevia,iPhone  5s  SECOND ORIGINAL,"barang muluss, bh masih 95%, seller ramah, trusted ya gaisss pokonyaaaü•∞üòç",5,2022-06-09 10:02
titokurnia11977,iPhone 11 64GB SECOND ORIGINAL,,5,2022-06-09 09:22
gentanopaz,iPhone XR 64GB Second ORIGINAL,"Alhamdulillah paketan sudah datang  pertama kalinya beli iPhone nih dan lgsng tertuju ke store ifonespot, pengirimannya cepet bangeetttttt barangnya jga mulusss  terimakasih min",5,2022-06-09 07:26
ariyanajaya,iPhone XR 64GB Second ORIGINAL,,5,2022-06-08 04:39
d*****f,iPhone XS 256 GB SECOND ORIGINAL,,5,2022-06-08 00:51
thriftbyaii,iPhone XS 64GB SECOND ORIGINAL,,5,2022-06-07 12:35
arumnuraeni8,SPLIT PAYMENT (4),"Recomended banget aaa aku sukaa, mulus banget second tp kaya baru ini first time aku beli iphone online ü•∞ü•∞ü•∞ü•∞ü•∞
Dapet bh sesuai yg diminta makasih seller ü§ó",5,2022-06-07 12:17
annanh1398,FAST CHARGING SET ORIGINAL,,5,2022-06-07 11:38
iidady,iPhone 8 Plus 64GB SECOND ORIGINAL,,5,2022-06-06 20:56
nadiashaffaputri,iPhone 11 64GB SECOND ORIGINAL,,5,2022-06-06 16:46
n*****h,SPLIT PAYMENT (4),,5,2022-06-06 08:36
l*****3,iPhone  5s  SECOND ORIGINAL,Alhamdulillah datang dengan selamat. Pas nyampe bh nya 95% lumayan. Mulus no minus. Semoga pemakaian awet hihi. Makasih seller insyaAllah amanah ü§óü•∞,5,2022-06-06 05:44
mithapasha123,iPhone XR 128 GB Second ORIGINAL,,5,2022-06-06 00:48
ikhwani55,iPhone  5s  SECOND ORIGINAL,,5,2022-06-05 06:03
andrepra1912,FAST CHARGING SET ORIGINAL,,5,2022-06-05 05:32
i*****1,iPhone 11 64GB SECOND ORIGINAL,,5,2022-06-05 02:57
chuya09,iPhone XR 64GB Second ORIGINAL,Memuaskan,5,2022-06-05 01:17
awidanti01,iPhone 11 128GB  SECOND ORIGINAL,,5,2022-06-04 18:01
rizkyrhidayat,iPhone  5s  SECOND ORIGINAL,,5,2022-06-04 17:08
rizkyrhidayat,iPhone  5s  SECOND ORIGINAL,,5,2022-06-04 17:08
n*****4,FAST CHARGING SET ORIGINAL,Respon bagus cepet,5,2022-06-04 03:36
rizkanoor31,iPhone 7 128GB SECOND ORIGINAL,,5,2022-06-04 03:17
fachryzal09,iPhone XR 128 GB Second ORIGINAL,Memuaskan,5,2022-06-04 02:52
s*****m,Headset iPhone lightning untuk iPhone 7/8/X/XS/XR/11/12,Mantab,5,2022-06-03 12:17
alisyaep22,iPhone  5s  SECOND ORIGINAL,"Produk baguss, trusted",5,2022-06-03 03:34
a*****a,iPhone XR 64GB Second ORIGINAL,"Kualitas barangnya oke banget, dijamin ga nyesal beli disini,,,,,",5,2022-06-02 18:10
debiy.a94,iPhone  5s  SECOND ORIGINAL,,5,2022-06-02 09:58
almirarielta,iPhone XS 256 GB SECOND ORIGINAL,,5,2022-06-02 09:28
m*****w,iPhone  5s  SECOND ORIGINAL,"Hpnya mulus bgttt dapet bh 91%, pelayanannya jg bagus bgt.
Engga kecewa sih beli disini.",5,2022-06-02 09:22
f*****a,FAST CHARGING SET ORIGINAL,,5,2022-06-02 02:16
anandasusii,SPLIT PAYMENT (4),,5,2022-06-01 13:10
ixsancruzx,iPhone  5s  SECOND ORIGINAL,,5,2022-05-31 12:23
elbyci_rizkimelani,iPhone  5s  SECOND ORIGINAL,,5,2022-05-31 08:25
r*****2,iPhone XR 64GB Second ORIGINAL,,5,2022-05-31 07:37
dina.299,iPhone XS 256 GB SECOND ORIGINAL,,5,2022-05-31 05:55
yuneycorn14_,iPhone XR 64GB Second ORIGINAL,,5,2022-05-31 04:39
adityarahman008,iPhone  5s  SECOND ORIGINAL,,5,2022-05-30 16:03
jhonslem,iPhone XR 64GB Second ORIGINAL,,5,2022-05-30 13:34
agieltuluswidyananto,FAST CHARGING SET ORIGINAL,,3,2022-05-30 10:04
tututdwiikur,iPhone 11 128GB  SECOND ORIGINAL,,5,2022-05-30 08:05
wahyushap0557,Headset iPhone lightning untuk iPhone 7/8/X/XS/XR/11/12,,5,2022-05-29 09:30
l*****e,iPhone 11 128GB  SECOND ORIGINAL,"Cutieeeeeee!!!!ü•πü•π‚ú®‚ú®‚ú®‚ú®‚ú®
Suka banget beli di IfoneSpot karena Battery Health nya tinggi2 dan unitnya masih mulus bagus fisik & fungsi juga.
Kalo mau tukar tambah prosesnya jg gampang bgt, thank you ifone spotüíïüíï",5,2022-05-29 03:25
anggaekoprihatin,SPLIT PAYMENT (4),,5,2022-05-28 22:57
esacitra30,iPhone 11 128GB  SECOND ORIGINAL,2x order dan selalu puasss,5,2022-05-28 08:53
m*****2,iPhone  5s  SECOND ORIGINAL,,5,2022-05-28 04:28
mahendrapasya,FAST CHARGING SET ORIGINAL,Gokil!,5,2022-05-28 03:35
onetwogarage,iPhone 11 128GB  SECOND ORIGINAL,Rekomended seller,5,2022-05-27 10:31
novenn123,iPhone 11 64GB SECOND ORIGINAL,,5,2022-05-27 10:00
a*****1,iPhone XR 64GB Second ORIGINAL,"keren bgt sih ini, handphone mhulusssss bgt bh diatas 95%, sellernya jg ramah baik bgt, reccomended pokonyaüëç",5,2022-05-26 07:15
f*****a,SPLIT PAYMENT (4),"AH SUKAAA BANGETTT GAK ADA CACAT SAMA SEKALI  !! DAPET BH DIATAS 90% 
KUALITAS OK HARGA LEBIH OKE DAN PELAYANAN NYA OKE BANGETTT ‚ÄºÔ∏è THANKS YAAA IFONE üíóüíóüíó",5,2022-05-26 07:11
kalunna1,iPhone  5s  SECOND ORIGINAL,,5,2022-05-25 23:48
e*****a,iPhone 8 64GB SECOND ORIGINAL,"awalnya ragu mau beli hp di shopee, tapiii toko ini trusted bangett pengirimannya juga cepet dan adminnya juga ramahü•∫ udahh pemakaian satu mingguan dan alhamdullilahh ngga ada kendala apapunü•∞‚ù§Ô∏è",5,2022-05-25 11:06
ersaalfrian,Headset iPhone lightning untuk iPhone 7/8/X/XS/XR/11/12,,5,2022-05-25 10:54
kylashkr,iPhone XR 64GB Second ORIGINAL,,5,2022-05-24 01:48
f*****9,FAST CHARGING SET ORIGINAL,,5,2022-05-23 15:02
rifistoree,iPhone 11 64GB SECOND ORIGINAL,"Kerennn, admin nya ramah dan baik.
Packingan aman & bagusss.

Kualitas oke, barang ori",5,2022-05-23 12:23
annindria_,iPhone  5s  SECOND ORIGINAL,,5,2022-05-22 18:16
fennierline,FAST CHARGING SET ORIGINAL,,5,2022-05-22 13:40
fennierline,Headset iPhone lightning untuk iPhone 7/8/X/XS/XR/11/12,,5,2022-05-22 13:40
tokobundatelur,iPhone  5s  SECOND ORIGINAL,,5,2022-05-21 11:58
l*****w,FAST CHARGING SET ORIGINAL,,5,2022-05-20 12:02
muticanci,iPhone 6 64gb Second,Bagus kak,5,2022-05-20 08:21
kasma_kk,iPhone 6 64gb Second,,5,2022-05-20 01:34
kasma_kk,iPhone 11 64GB SECOND ORIGINAL,Mantul banget dri jogja ke mkassar aman terkendali.,5,2022-05-20 01:34
dentyfertami12,iPhone 11 64GB SECOND ORIGINAL,,4,2022-05-19 16:22
addrskaml,iPhone 6 64gb Second,,5,2022-05-19 08:19
nurindahkhusnulirfani,iPhone XR 128 GB Second ORIGINAL,"Tidak tau harus berkata apa2 lagi. The best banget toko iniü•∞ pesen tanggal 15 tanggal 18 udah sampe, padahal dari Sleman - Bogor. Admin juga cepet banget respon chatü§ó",5,2022-05-18 11:42
anandasusii,iPhone 6s 32GB Second Original,,5,2022-05-18 09:38
t*****a,iPhone XS 64GB SECOND ORIGINAL,,5,2022-05-18 06:43
t*****a,Asuransi JNE,,5,2022-05-18 06:43
nasruljaelani,iPhone X 256GB SECOND ORIGINAL,Mantap,5,2022-05-17 22:22
gege210393,FAST CHARGING SET ORIGINAL,"Produk original , langsung pakai ok , cas juga cepet , semoga awet , terimakasih admin ,,",5,2022-05-17 16:50
etikacomel_,iPhone 8 64GB SECOND ORIGINAL,,5,2022-05-17 13:37
d*****p,iPhone 8 64GB SECOND ORIGINAL,,5,2022-05-17 10:01
n*****_,iPhone XR 128 GB Second ORIGINAL,,5,2022-05-17 05:28
rakaspoce,FAST CHARGING SET ORIGINAL,,3,2022-05-16 19:31
lutfiannurrohim,iPhone 6 64gb Second,,5,2022-05-16 12:04
ishakhilal75,Headset iPhone lightning untuk iPhone 7/8/X/XS/XR/11/12,,5,2022-05-16 11:54
angelliamayaa_,FAST CHARGING SET ORIGINAL,,5,2022-05-15 17:46
dewarizal_drc,iPhone 6 64gb Second,,5,2022-05-15 17:38
fitrihermanisa2001,iPhone  5s  SECOND ORIGINAL,"Pertama kali beli iphone dan belinya secara online. Disini terpercaya karena adminnya sabar banget dan gercep. Terlebih lagi pengecekan iphonenya secara rinci dan jelas walaupun aku beli online, terjamin ori. Maaf gak punya fotonya karena saya teledor lcd nya udah retak.",5,2022-05-15 17:17
a*****2,Headset iPhone lightning untuk iPhone 7/8/X/XS/XR/11/12,,5,2022-05-15 05:19
c*****u,iPhone XS 256 GB SECOND ORIGINAL,,5,2022-05-14 12:27
hidayati..,Headset iPhone lightning untuk iPhone 7/8/X/XS/XR/11/12,Bagus sekali huhu ngebas banget,5,2022-05-14 11:58
syifazuhri,iPhone XR 128 GB Second ORIGINAL,,5,2022-05-14 11:47
atikaadwias,iPhone 7 128GB SECOND ORIGINAL,"sampe bagus bh nya 100% cuma yaa imei nya kena blokir jadi ga ada layanan huhu 
kak mohon di bantu yaaa üòîüòîü´∂üèª",4,2022-05-13 12:46
dalsawol,iPhone 6 64gb Second,,5,2022-05-12 22:02
batita.kids,iPhone XS Max 256GB SECOND ORIGINAL,"Fast respon, pengemasan dan pengiriman cepat. Udah 2 kali beli disini, dpt bh 100%, fisik 97% yaa namanya juga second. Over all bagus, thx",5,2022-05-12 18:41
lorossae,iPhone 8 Plus 64GB SECOND ORIGINAL,,5,2022-05-12 12:34
hildafadilla09,iPhone XR 64GB Second ORIGINAL,,5,2022-05-12 08:54
putranastyo,FAST CHARGING SET ORIGINAL,,5,2022-05-12 08:05
putranastyo,iPhone 11 64GB SECOND ORIGINAL,"pengiriman cepat 2hari nyampe, packing kayu aman banget, barang mulus banget like new 
baru kasi rating stelah 1bln pemakaian, barang masi fungsi normal gada kendala apapun, bh turun 2% isokay krn emg barang second
overall worth it lah, recommended",5,2022-05-12 08:05
anggitaintanu,iPhone  5s  SECOND ORIGINAL,,5,2022-05-12 02:39
p*****b,iPhone XS 64GB SECOND ORIGINAL,barang mantap üëçüèª dan yang paling penting tuh respon penjual yang menurut aku cukup bagus loh dan sabar gitu üëçüèª,5,2022-05-11 14:03
difamorenonusa,FAST CHARGING SET ORIGINAL,,5,2022-05-11 09:46
d*****a,iPhone 6 64gb Second,,5,2022-05-11 02:51
rere1396,iPhone 11 64GB SECOND ORIGINAL,"Udah hampir sebulan pemakaian belum ada kendala , dapet BH 100% , semua nya normal & produk original , barang dalam kondisi like new muluss banget ü•πü•πü•π Thanks ifonespot ü•∞ü•∞ü•∞ü•∞",5,2022-05-10 04:41
yuli290303,FAST CHARGING SET ORIGINAL,,5,2022-05-09 03:41
intan_saras99,iPhone 11 64GB SECOND ORIGINAL,"Sangat salut dengan pelayanan di toko ini. Cepat, sigap, dan tetap ramah dengan client. Sangat worth it dan berkualitas gadget yg dijual. Terima kasih ifonespot",5,2022-05-08 11:24
ulfaashilah2,iPhone XR 128 GB Second ORIGINAL,Sellernya baik sekaliiiü•∫ü•∫ü•∫üåà‚ú®,5,2022-05-08 06:16
devi_rt14,iPhone 5s Second Original,"Barang oke lumayan mulus, kualitas sesuai harga, barang second jadi fisik gak mulus 100%, batery health tiap 4 hari sekali turun 1%, dari awal beli sampe sekarang kurang lebih 20 harian dari 98% sekarang tinggal 93%, fungsi yg lainnya sejauh ini oke",4,2022-05-08 05:22
intanmichelle,iPhone XR 64GB Second ORIGINAL,,5,2022-05-07 09:46
vitaaeka,iPhone XS 64GB SECOND ORIGINAL,,5,2022-05-07 07:16
s*****o,iPhone X 64GB SECOND ORIGINAL,Alhamdulillah. Barang sangat mulus. Dapat bh 94% üòç pelayanan sangat memuaskan. Sudah 2x order disini. Makasih kak,5,2022-05-06 11:21
shobihafifm169,iPhone 5s Second Original,,5,2022-05-06 10:14
khainara_hijab,iPhone 5s Second Original,,5,2022-05-06 07:17
shandyfaqih256,iPhone 5s Second Original,,5,2022-05-06 03:48
bawanggorengsimbok,iPhone XS 256 GB SECOND ORIGINAL,"Amann, mantap",5,2022-05-05 21:39
lintang_maharani123,iPhone  5s  SECOND ORIGINAL,,5,2022-05-05 02:44
m*****n,FAST CHARGING SET ORIGINAL,Produknya originall.. cepat banget ngisinya.. rekomendasi bangett,5,2022-05-04 06:19
muslimin0801,iPhone XS 64GB SECOND ORIGINAL,,5,2022-05-01 12:04
asvndra,iPhone XS 256 GB SECOND ORIGINAL,,5,2022-04-30 17:48
tiragantina,iPhone  5s  SECOND ORIGINAL,"Mksh ifonespot, semoga awetüòä",5,2022-04-30 12:06
ridor08,FAST CHARGING SET ORIGINAL,,5,2022-04-30 03:51
n*****n,iPhone 5s Second Original,,5,2022-04-29 23:07
triaambar98,iPhone XR 64GB Second ORIGINAL,Kedua kalinya beli di sini,5,2022-04-29 14:34
lulu_rahmah,IPhone 11  PRO 64GB SECOND ORIGINAL,Original,5,2022-04-29 11:03
a*****a,iPhone XS 64GB SECOND ORIGINAL,,5,2022-04-29 05:47
fitafatimahhh,iPhone X 64GB SECOND ORIGINAL,,5,2022-04-29 03:16
fitafatimahhh,iPhone  5s  SECOND ORIGINAL,,5,2022-04-29 03:16
saidanainggolan,iPhone X 256GB SECOND ORIGINAL,,5,2022-04-28 17:17
ilhamga45,iPhone 11 64GB SECOND ORIGINAL,Muluss rahayuuuu,5,2022-04-28 15:22
fajar1797,iPhone 5s Second Original,"Produknya bener2 bagus, semua dicek aman. Pelayanannya juga ramah bgt bener2 dibantuin ngecek semua kondisinya sampai dipastikan semua baik2 aja. Trimakasih banyak",5,2022-04-28 13:46
n*****6,iPhone XR 64GB Second ORIGINAL,"pelayanan tokonya bagus banget,ramah banget, saya dapet BH 100% ga nyangka banget semoga awett",5,2022-04-28 13:32
tsweizyra_,FAST CHARGING SET ORIGINAL,,5,2022-04-28 13:23
agung.siswantoro,FAST CHARGING SET ORIGINAL,,5,2022-04-28 11:38
azumafela,iPhone XR 64GB Second ORIGINAL,,5,2022-04-28 11:25
gilangyanila,iPhone X 64GB SECOND ORIGINAL,"barang bagus mulus ,pko nya mantaap",5,2022-04-28 08:21
b*****s,iPhone 11 128GB  SECOND ORIGINAL,"Pengemasan dan pengiriman cepat. Hp muluss, dapet bh 90%. Terimakasihhh",5,2022-04-27 19:13
gilangr33,FAST CHARGING SET ORIGINAL,,5,2022-04-27 18:39
adityaagungprayoga06,iPhone XS 256 GB SECOND ORIGINAL,Mantap mimin cepet sekali,5,2022-04-27 15:03
anitamard4_,FAST CHARGING SET ORIGINAL,,5,2022-04-27 08:40
gilangr33,iPhone  5s  SECOND ORIGINAL,,5,2022-04-27 07:03
anggisafrina,iPhone 7 Plus 128GB SECOND ORIGINAL,Fullset masih mulus2.. oke banget sii ini..,5,2022-04-27 06:51
ultra.violet,IPhone 11  PRO 64GB SECOND ORIGINAL,so far so good. admin helpful dan pengiriman cepat banget. ngga ada kurangnya sejauh ini dalam pemakaian hampir 12 jam‚Ä¶ semoga bakal awet dan ga rusak yaa. thankyou so much,5,2022-04-26 15:54
j*****a,iPhone 11 128GB  SECOND ORIGINAL,"Barangnya bener2 mulus, bagus, ga ada minus. Semua nya berfungsi dengan baik. Second but like new. Pelayanannya juga ramah. Mantapp bangettt dehü§©üëç",5,2022-04-26 14:27
r*****i,iPhone 5s Second Original,,5,2022-04-26 14:26
agriwianda,iPhone  5s  SECOND ORIGINAL,,5,2022-04-26 11:33
rizka.purwandari,iPhone  5s  SECOND ORIGINAL,,5,2022-04-26 09:15
gwena_suraiya,iPhone 5s Second Original,"Kuliatas hpnya okee mana dapet BH juga lumayan, body hpnya pun good banget deh. Semoga awet hihi",5,2022-04-26 05:04
nadilachairunisa,FAST CHARGING SET ORIGINAL,,5,2022-04-26 04:13
federico.jrh,iPhone 5s Second Original,Sudah ke 2x nya beli iPhone di ifonespot. Pelayanan yang friendly dan pastinya memberika suggest yang oke punya. Apalagi utk payment method nya yang membuat kita bisa mendapatkan barang impian tanpa perlu pusing karena ifonespot memberikan kemudahan dalam transaksi.,5,2022-04-26 02:43
andrie.setyaband,iPhone 5s Second Original,,5,2022-04-25 21:58
bomin.co,iPhone 11 128GB  SECOND ORIGINAL,,5,2022-04-25 20:57
nisahest84,iPhone 5s Second Original,,5,2022-04-25 16:21
ajepe03,Headset iPhone lightning untuk iPhone 7/8/X/XS/XR/11/12,,5,2022-04-25 12:49
evitarachmaliasafitri,iPhone 5s Second Original,,5,2022-04-25 02:02
eighaaprilia,iPhone 5s Second Original,,5,2022-04-25 01:31
hellolousy,iPhone 5s Second Original,,5,2022-04-24 15:49
yumz.okonomiyaki,iPhone XR 128 GB Second ORIGINAL,"Barang nya mulus berfungsi dengan baik üëåüëçüòÑ

Niceee",5,2022-04-24 11:13
wda_store,iPhone XR 128 GB Second ORIGINAL,,5,2022-04-24 04:00
firaaanya2,iPhone 5s Second Original,,5,2022-04-23 15:11
rizkipratama170702,iPhone  5s  SECOND ORIGINAL,,5,2022-04-23 10:29
a*****i,iPhone 8 256GB SECOND ORIGINAL,"Toko nya sangat amanah no tipu tipu. Barang sesuai , kualitas oke . Pengiriman lancar jayaa . Respon penjual gercepppp. Barang aman tanpa lecet",5,2022-04-23 06:26
akujito,iPhone XR 128 GB Second ORIGINAL,,5,2022-04-22 17:44
_fadiyahmlyt,iPhone 5s Second Original,"Alhamdulillah produk bagus, aman sampai tujuan, bh 100%, pelayanan juga mantep bgt",5,2022-04-22 14:01
siscaocta,iPhone XR 128 GB Second ORIGINAL,,5,2022-04-22 10:13
mauludinfaqih,iPhone 5s Second Original,,5,2022-04-22 07:19
ltm6cn04bz,iPhone XR 64GB Second ORIGINAL,,5,2022-04-22 06:43
n*****h,iPhone 11 128GB  SECOND ORIGINAL,"Recommended banget beli hp disini, kalian yg baca review aku beli hp disini aja. 
Bener‚Äù amanah, trusted, bisa request mau hp yang speknya kaya gimana dan bisa request baterai health ataupun 3utools. Bener‚Äù mulus like new no baret samsek, 3utools ijo semua. 
Pengiriman ke bekasi bener‚Äù aman‚Ä¶",5,2022-04-21 10:28
d*****a,iPhone XR 64GB Second ORIGINAL,Selalu puas belanja disini. Unit yang kedua dong beli disiniüëçüèªüòç,5,2022-04-21 09:12
nifasartika23,iPhone XR 64GB Second ORIGINAL,,4,2022-04-21 06:13
ihsan25_,iPhone 5s Second Original,,5,2022-04-21 01:54
eliskawijanuri,iPhone XS 64GB SECOND ORIGINAL,,5,2022-04-20 12:47
h*****i,iPhone 5s Second Original,Bisa langsung dateng ke toko buat milih2 barangnya. Dan di bantu cek in sama kakak2nya. Mudah banget juga prosesnya. Sukak üôèüèªüôèüèª,5,2022-04-20 04:30
tofikohhidayatun,iPhone XS 64GB SECOND ORIGINAL,Alhamdulillah.. cepet bgt pengirimannya hanya 2 hari dong üòç adminnya juga fast respon banget. Hp Ori super recommend. Terimakasih sellerrrrrrrr ü•∞ü•∞,5,2022-04-19 14:05
d*****s,iPhone  5s  SECOND ORIGINAL,Penjual sangan responsive dan membantu. Thank you semoga tidak ada kendala,5,2022-04-19 10:22
jogjafcshoppp,iPhone XR 64GB Second ORIGINAL,Niceeee,5,2022-04-19 07:45
faisalsunyono,iPhone XR 128 GB Second ORIGINAL,,5,2022-04-18 13:56
n*****s,IPhone 11  PRO 64GB SECOND ORIGINAL,,5,2022-04-18 13:43
n*****1,iPhone 5s Second Original,"Alhamdulillah udah sampe dengan selamat, untuk produk nya bagus seperti baru dan pengiriman nya juga cepet respon adminnya apalagi fast respon ramah terus sabar juga.thanks ya ka ‚ô•Ô∏è",5,2022-04-18 13:21
rositadevy,iPhone 8 Plus 64GB SECOND ORIGINAL,,5,2022-04-18 12:02
ayikkkkk99,iPhone 5s Second Original,,5,2022-04-18 11:05
rp3cv9g9ig,iPhone XR 64GB Second ORIGINAL,"Terima kasih ifonespot, barangnya ori kak dapet BH yang 96% packingannya mantapüëç",5,2022-04-18 06:31
g*****n,FAST CHARGING SET ORIGINAL,"Pengiriman cepat, barangnya sesuai üëå",5,2022-04-18 01:28
adityapete,iPhone 8 64GB SECOND ORIGINAL,Good,5,2022-04-17 14:05
syafiq507,iPhone XR 64GB Second ORIGINAL,Mantap,5,2022-04-17 11:13
k*****9,iPhone 5s Second Original,"adminnya ramah bangeettt
fast respon, dan pengiriman juga cepet bgtttt",5,2022-04-17 09:38
corintaswastika,iPhone 5s Second Original,Mulus ü§≠,5,2022-04-17 06:18
iffi.28,iPhone  5s  SECOND ORIGINAL,,5,2022-04-17 04:21
umar_sai89,iPhone 5s Second Original,,5,2022-04-16 03:58
windu1028,IPhone 11  PRO 64GB SECOND ORIGINAL,Rekomendasi bgt beli di sini barang bagus,5,2022-04-15 07:54
nisaalqwyh,iPhone 5s Second Original,,5,2022-04-14 19:50
d*****0,iPhone XS 64GB SECOND ORIGINAL,"Baru kasih review sekarang..
Sudah satu minggu di pakai
Sejak barang di terima.
Barangnya bagus mulus
Untuk BH awalnya 95% tapi sesudah seminggu kok bisa turun jadi 84%.",4,2022-04-14 12:16
khayla2500,FAST CHARGING SET ORIGINAL,"Kurang tau bagaimana, soalnya abg ku yang punya, but yang aku liat bagus seperti cas hp pada umum nya",4,2022-04-14 05:41
m*****3,FAST CHARGING SET ORIGINAL,,5,2022-04-13 07:01
febrinatiraaa20,iPhone  5s  SECOND ORIGINAL,,5,2022-04-13 02:03
andamite,iPhone 11 64GB SECOND ORIGINAL,Seller ramah banget nget. Hpnya juga bagus dapat BH 96% dan 3utools hijau semua. Cuma sayang pas dichat katanya mulus like new tapi yg dateng beret halus dilayar agak panjang.,4,2022-04-12 10:02
sultanyaa,iPhone XR 128 GB Second ORIGINAL,hp nyaa ori dan muluss. packing nyaa kayu poll lah..,5,2022-04-12 06:19
d*****a,iPhone 5s Second Original,Alhamdulillah paketnya sudah sampe walaupun agak lama pengiriman dari ekspedisinya. Tapi overall hp nya bagus Gk ada lecetnya. Semoga awet yaa hp nya gak ada Kendala apapun. Laris terus buat Ifonespot üëçüèª,5,2022-04-12 05:46
fajarwahyu_n,iPhone XS 64GB SECOND ORIGINAL,,5,2022-04-12 05:20
zakkiiiah,FAST CHARGING SET ORIGINAL,"Berfungsi baik, semoga awet",5,2022-04-12 04:54
savitrinurseha,FAST CHARGING SET ORIGINAL,,5,2022-04-12 04:23
intanmuslim46,iPhone  5s  SECOND ORIGINAL,,5,2022-04-12 02:34
s*****a,iPhone XR 64GB Second ORIGINAL,"Barangnya bagusssss original, tingkat kemulusan ya 95% tapi bagusss banget. dapet BH juga diatas 90%, sellernya sabar banget. worth it lah, thankyouuuu",5,2022-04-10 18:26
c*****a,iPhone XR 128 GB Second ORIGINAL,"barang bagus, request bh diatas 90% dikasih 100% sama adminnya, body juga mulus. admin ramah dan fast respon, senang dengan pelayanannya. makasih ifonespotüëçüèªüëçüèª",5,2022-04-10 15:45
h*****a,iPhone  5s  SECOND ORIGINAL,,5,2022-04-09 02:31
g*****e,iPhone XR 64GB Second ORIGINAL,Produk oke dan bagus. Thanks seller üëåüèª laen kali bakal beli yang laen kalo punya rejeki hehehehehe thanks ya thanks banget lhoooooooo,5,2022-04-08 21:25
z*****a,iPhone XR 64GB Second ORIGINAL,BAGUUSSSS BANGETTTTTTTTTTTT POKONYAAAA PUUASSSSS ‚ù§Ô∏è‚ù§Ô∏è‚ù§Ô∏è‚ù§Ô∏è‚ù§Ô∏è‚ù§Ô∏è,5,2022-04-08 03:16
azizah.icha06,iPhone 11 64GB SECOND ORIGINAL,"Barang bagus, pelayanan pengiriman cepet banget üòä semoga awet üòç",5,2022-04-08 01:55
julianaputri_14,FAST CHARGING SET ORIGINAL,,5,2022-04-07 22:55
achlis1209,FAST CHARGING SET ORIGINAL,,5,2022-04-07 21:25
achlis1209,iPhone 11 128GB  SECOND ORIGINAL,"Semuanya mantab sih, joss",5,2022-04-07 21:25
akitarheanita,iPhone  5s  SECOND ORIGINAL,,5,2022-04-07 06:11
eufrasiafi96,FAST CHARGING SET ORIGINAL,"Barang oke 
Packing pengiriman aman dengan bublewrap tebal 
Tp barang blm dicoba, semoga tidak ada masalah. 
Makasih admin üôèüèº

Aku update setelah seminggu penggunaan : fast chargingnya bisa, nggakada masalah. 
Rekomended üëçüèΩ",5,2022-04-05 11:15
yonathantri,iPhone 11 64GB SECOND ORIGINAL,,5,2022-04-05 03:52
n*****_,iPhone XR 128 GB Second ORIGINAL,"Yeay akhirnya dateng jg. Sempet minta tolong ke temen buat cek in unit nya, dipilihin yg paling baikk. Aaaa thankyouü•∞",5,2022-04-05 00:52
kuncoroadi,iPhone XS 256 GB SECOND ORIGINAL,Awesome service and good stuff üíï,5,2022-04-04 18:22
n*****_,FAST CHARGING SET ORIGINAL,,5,2022-04-03 22:44
gezaciptaan_,iPhone 11 128GB  SECOND ORIGINAL,,5,2022-04-03 14:36
ariqm32,SPLIT PAYMENT (4),,5,2022-04-03 06:52
o*****f,Headset iPhone lightning untuk iPhone 7/8/X/XS/XR/11/12,Sejauh ini beli headset baru ini dapet yg bener2 suka bgt,5,2022-04-02 10:12
nurullwells,FAST CHARGING SET ORIGINAL,"Belum dicoba sih tp smoga bneran fast charging,,",5,2022-04-02 07:33
rysdevano,iPhone  5s  SECOND ORIGINAL,,5,2022-04-01 21:12
muvida_ar,IPhone 11  PRO 64GB SECOND ORIGINAL,,5,2022-04-01 11:46
puteraazlansyah,iPhone 5s Second Original,,5,2022-04-01 09:23
imronrosya,iPhone XR 64GB Second ORIGINAL,,4,2022-04-01 02:06
imronrosya,Asuransi JNE,,4,2022-04-01 02:06
n*****s,iPhone XR 128 GB Second ORIGINAL,"Alhamdulillah akhirnya stelah banyak pertimbangan memutuskan utk beli hp via online di sini. Hehehe. Awalnya deg-degan takut gak sesuai, tapi ternyata pas sampe subhanallah mulus bgt. Mana dapet BH diatas 90% lagi. Huhu. Makasih juga buat mimin yg super reponsif dan super sabar pas ditanya. Hehe",5,2022-03-31 06:20
noverassulis,Asuransi JNE,,5,2022-03-31 06:20
laurasinabariba,iPhone 11 128GB  SECOND ORIGINAL,,5,2022-03-31 05:49
wawwa07,Lightning cable Foxconn / kabel iphone,"Kabelnya udah dateng pengirimannya cepet banget, semoga aja awet makasihü•∞",5,2022-03-31 00:57
enhyusran0811,iPhone 11 64GB SECOND ORIGINAL,"MasyaAllah terimakasih kak, amanah skli toko ini ‚ù§‚ù§üíö",5,2022-03-30 16:12
naa1804,iPhone 5s Second Original,,5,2022-03-29 11:44
dewi.yg,iPhone XR 128 GB Second ORIGINAL,,5,2022-03-29 11:40
__muhamadreza,iPhone XR 64GB Second ORIGINAL,"mulus banget, bh nya 100 ga ngerti lagiiiii. serasa beli baruuuuuu üò≠üò≠üôèüèª",5,2022-03-29 07:58
rizzakingkinprasetyo,iPhone  5s  SECOND ORIGINAL,,5,2022-03-29 07:54
adilamayani,iPhone 11 128GB  SECOND ORIGINAL,,5,2022-03-29 06:15
adilamayani,Asuransi JNE,,5,2022-03-29 06:15
tommyzgt,FAST CHARGING SET ORIGINAL,"Pengemasan standar, pengiriman cepat, packaging standar, barang mantap",5,2022-03-29 01:19
f_ajarrr,iPhone  5s  SECOND ORIGINAL,Niceüëç,5,2022-03-27 23:29
n*****3,iPhone XS Max 256GB SECOND ORIGINAL,,5,2022-03-27 06:18
risnaaaaw,iPhone  5s  SECOND ORIGINAL,Nice. Request bh diatas 90 dikasi 100% thank uü•∞,5,2022-03-26 23:03
_farrass,iPhone XR 64GB Second ORIGINAL,,5,2022-03-26 10:21
vidhubalavadiamalayas,iPhone 5s Second Original,,5,2022-03-26 07:49
s.a.chris,iPhone 5s Second Original,,5,2022-03-26 05:11
alrayyanfarisqy,iPhone  5s  SECOND ORIGINAL,,4,2022-03-25 15:23
rurifpratiwi,FAST CHARGING SET ORIGINAL,"Paketnya udah sampai, pengiriman juga cepat makasih seller",5,2022-03-25 14:04
rurifpratiwi,Headset iPhone lightning untuk iPhone 7/8/X/XS/XR/11/12,"Paketnya udah sampai, pengiriman juga cepat makasih seller",5,2022-03-25 14:04
axellamikha,iPhone 8 256GB SECOND ORIGINAL,Mantuuuuulll...masnya juga ramah..,5,2022-03-25 13:23
yuliaintanputri,iPhone 11 64GB SECOND ORIGINAL,Mantap kak üëç,5,2022-03-25 06:25
bbyme34,Lightning cable Foxconn / kabel iphone,,5,2022-03-23 14:14
n*****6,iPhone XR 64GB Second ORIGINAL,"Barang bagus, pengiriman cepatüëç",5,2022-03-23 12:40
andhiika__putra,iPhone XR 64GB Second ORIGINAL,,5,2022-03-23 11:17
qotrunnadayyyyy,FAST CHARGING SET ORIGINAL,,5,2022-03-22 13:40
mask.kuyy_,iPhone  5s  SECOND ORIGINAL,,5,2022-03-21 07:15
luthfiyyahika2002,iPhone 5s Second Original,,5,2022-03-21 06:19
elsrs,iPhone 5s Second Original,,5,2022-03-20 22:24
elsrs,iPhone  5s  SECOND ORIGINAL,,5,2022-03-20 22:23
dianfauzanp,FAST CHARGING SET ORIGINAL,,5,2022-03-20 15:53
devidstivenli123,FAST CHARGING SET ORIGINAL,,5,2022-03-20 14:50
s*****i,iPhone 11 256GB SECOND ORIGINAL,,5,2022-03-20 03:16
devidstivenli123,Headset iPhone lightning untuk iPhone 7/8/X/XS/XR/11/12,,5,2022-03-20 02:31
by.serly,iPhone 8 256GB SECOND ORIGINAL,"Hp nya udah nyampe, kondisinya sangat bagus dan original sesuai pesanan bh 99% sesuai rekues, bisa rikues temperglass juga kalo mau bayar lewat shopeepay.. toko yg rekomendüëçüëç",5,2022-03-20 01:00
stawbeyiesss,iPhone XR 64GB Second ORIGINAL,Bagus bgtttt,5,2022-03-19 12:20
restu1793,iPhone  5s  SECOND ORIGINAL,Recomended langganan disini. Sayang tdk dibntu pndh data. Harga murah,5,2022-03-17 14:42
indrahadiyanto9991,iPhone 11 64GB SECOND ORIGINAL,,5,2022-03-17 08:03
rhf_store.id,iPhone  5s  SECOND ORIGINAL,,5,2022-03-17 04:27
m*****7,iPhone XR 128 GB Second ORIGINAL,,5,2022-03-16 08:42
kakanadya23,Headset iPhone lightning untuk iPhone 7/8/X/XS/XR/11/12,Bagus sekalii enak ngbass bgtt,5,2022-03-16 05:26
wahysaputra457,SPLIT PAYMENT (4),,5,2022-03-16 00:57
maulanaichsanh,iPhone 5s Second Original,Pelayanannya sangat bagus dan ramah,5,2022-03-15 11:28
vennookta,iPhone 11 64GB SECOND ORIGINAL,Like new! Pertama kali beli online,5,2022-03-15 11:00
mayawiko,iPhone X 256GB SECOND ORIGINAL,,5,2022-03-14 17:47
tfndaa,iPhone XS 256 GB SECOND ORIGINAL,,5,2022-03-13 15:57
dannyderrent,iPhone XR 64GB Second ORIGINAL,Ini aku repeat order yg kedua kali di toko ini. Jujur puas sih. Barangnya masih mulus banget dan kondisi semua baik. Best!,5,2022-03-13 15:33
jefrizon1995,iPhone 11 64GB SECOND ORIGINAL,,5,2022-03-12 18:23
sulisttiyanto,Headset iPhone lightning untuk iPhone 7/8/X/XS/XR/11/12,,5,2022-03-12 11:12
simmy.skincare,iPhone 7 Plus 128GB SECOND ORIGINAL,,5,2022-03-12 07:36
elshaskincare,iPhone XS 64GB SECOND ORIGINAL,,5,2022-03-11 15:45
o_abudxy1c,FAST CHARGING SET ORIGINAL,,3,2022-03-11 09:56
imamsyafii.1710,iPhone XR 128 GB Second ORIGINAL,,5,2022-03-11 09:50
dindafridaalfany,iPhone 8 Plus 64GB SECOND ORIGINAL,,5,2022-03-11 04:58
arfnamrz_,iPhone 11 64GB SECOND ORIGINAL,,5,2022-03-11 00:37
octophile2430_,iPhone 11 256GB SECOND ORIGINAL,Pertama kali beli hp ip disini pelayanan adminnya sangat bagus sekali. Kondisi hp dan segala macemnya di info sama mereka sampe beneran yakin milih ip yg diinginkan. Terimakasih ya kak. Semoga selalu tetap seperti ini pelayanannya. Sukses selalu :)üíì *maaf ya ga pake foto. Soalnya hpnya da dipake üòÅ,5,2022-03-10 15:02
dewisri_,FAST CHARGING SET ORIGINAL,"Sepertinya original ini,, maaciw yaa",5,2022-03-10 09:51
amelia_dewi19,iPhone XS 64GB SECOND ORIGINAL,,5,2022-03-10 09:09
f*****a,Headset iPhone lightning untuk iPhone 7/8/X/XS/XR/11/12,,5,2022-03-10 08:50
burgerwulan,FAST CHARGING SET ORIGINAL,Barang mantap,5,2022-03-10 06:24
arrizki_rahman,iPhone 7 Plus 128GB SECOND ORIGINAL,,4,2022-03-09 15:05
chintiafiia,iPhone  5s  SECOND ORIGINAL,,5,2022-03-09 11:13
icaannisa1,iPhone XR 64GB Second ORIGINAL,,5,2022-03-09 08:08
stephanusds,iPhone 5s Second Original,"Mantaaappp terima kasih seller, sudah mau menjawab semua pertanyaan hehe
Semoga selalu sukses, Semangat terus
Tuhan memberkati",5,2022-03-08 12:26
annisare,iPhone  5s  SECOND ORIGINAL,,5,2022-03-08 02:14
whitetruffle,FAST CHARGING SET ORIGINAL,,5,2022-03-07 15:11
icaannisa1,iPhone 11 64GB SECOND ORIGINAL,,5,2022-03-07 14:48
stevanianie,Headset iPhone lightning untuk iPhone 7/8/X/XS/XR/11/12,,5,2022-03-07 09:27
j*****8,iPhone 11 64GB SECOND ORIGINAL,,5,2022-03-05 04:22
febrikurniiawan,FAST CHARGING SET ORIGINAL,"Baranya okee bnget,pengecasa cepattüëçüëçüëçüëç",5,2022-03-04 11:34
alinoctavia,iPhone 5s Second Original,,5,2022-03-03 23:37
ashabj,iPhone  5s  SECOND ORIGINAL,Good sellerüëç,5,2022-03-03 22:08
satriopurnom,iPhone 5s Second Original,,5,2022-03-03 10:11
wild.faith,iPhone 7 Plus 128GB SECOND ORIGINAL,"Thank you boskuu. Barang ok, original, mantap pokoknya, rekomended si tokonya. Thank you ya üî•",5,2022-03-03 04:45
kenzieameera,iPhone 5s Second Original,mantab fast response,5,2022-03-02 01:04
anandatiwie,iPhone 5s Second Original,,5,2022-03-01 15:09
c*****a,iPhone XR 64GB Second ORIGINAL,"Salut sama responnya yang super cepet banget, trusted karena berani videoin condi barang dan infoin detail barangnya, nanya nanya malem, deal pagi dan co, dan sekian menit sampe, penyelamat untuk urgent kerjaanüò≠ packing aman, kelengkapan aman, barang sesuai, makasi kak",5,2022-03-01 14:53
arasshafa,iPhone XS 256 GB SECOND ORIGINAL,,5,2022-03-01 14:26
achiariani,FAST CHARGING SET ORIGINAL,"Belum dicoba, mudah2an awet üòä",5,2022-03-01 14:04
dickyrivaldi14,Headset iPhone lightning untuk iPhone 7/8/X/XS/XR/11/12,pesen lewat jam 3 tp ttp lgsg sampai ‚ò∫Ô∏è,5,2022-03-01 05:53
micha3l.,FAST CHARGING SET ORIGINAL,,5,2022-02-28 06:19
a*****i,Headset iPhone lightning untuk iPhone 7/8/X/XS/XR/11/12,Barangnya udah samapai headsetnya udh aku coba jadi dan suaranya sesuai sama harganya mantap,4,2022-02-28 05:28
a*****i,Lightning cable Foxconn / kabel iphone,Barangnya udah samapai kualitasnya baik sesuai sama harganya tadi di coba jadi makasih ya min,4,2022-02-28 05:28
winuhuyanan,FAST CHARGING SET ORIGINAL,,5,2022-02-28 01:42
liaa.aprl,iPhone 5s Second Original,,4,2022-02-27 16:29
rahmad_syarif12,iPhone 5s Second Original,,5,2022-02-27 12:19
rnurroby,iPhone 5s Second Original,"Oriii, kelengkapan acc non ori, mulus 97-98%
Usahakan ygy setelah beli, lebeih bagus membeli cas ori, karena bh bisa mudah turun",5,2022-02-27 12:18
